source_schema	source_table	column_id	source_column	sqlserver_type	max_length	precision	scale	is_nullable	is_identity	default_definition
dbo	BloodData	1	BloodDataID	int	4	10	0	0	1	NULL
dbo	BloodData	2	PatVisitID	int	4	10	0	0	0	(0)
dbo	BloodData	3	EffortTypeID	tinyint	1	3	0	0	0	(0)
dbo	BloodData	4	EffortTime	datetime	8	23	3	0	0	NULL
dbo	BloodData	5	EffortCDUs	float	8	53	0	0	0	(0)
dbo	BloodData	6	EffortArtificial	bit	1	1	0	0	0	(0)
dbo	BloodData	7	EffortSelected	bit	1	1	0	0	0	(0)
dbo	BloodData	8	FIO2	float	8	53	0	0	0	(0)
dbo	BloodData	9	PaO2	float	8	53	0	0	0	(0)
dbo	BloodData	10	PaCO2	float	8	53	0	0	0	(0)
dbo	BloodData	11	pH	float	8	53	0	0	0	(0)
dbo	BloodData	12	Hgb	float	8	53	0	0	0	(0)
dbo	BloodData	13	BaseExcess	float	8	53	0	0	0	(0)
dbo	BloodData	14	CvO2	float	8	53	0	0	0	(0)
dbo	BloodData	15	PAaO2	float	8	53	0	0	0	(0)
dbo	BloodData	16	MetHb	float	8	53	0	0	0	(0)
dbo	BloodData	17	COHb	float	8	53	0	0	0	(0)
dbo	BloodData	18	Temperature	float	8	53	0	0	0	(0)
dbo	BloodData	19	SaO2	float	8	53	0	0	0	(0)
dbo	BloodData	20	QspQt	float	8	53	0	0	0	(0)
dbo	BloodData	21	HCO3	float	8	53	0	0	0	(0)
dbo	BloodData	22	PAO2Alv	float	8	53	0	0	0	(0)
dbo	BloodData	23	HCT	float	8	53	0	0	0	(0)
dbo	BloodData	24	CvaCO2	float	8	53	0	0	0	(0)
dbo	BloodData	25	HgbFX	float	8	53	0	0	0	(0)
dbo	BloodData	26	CavO2	float	8	53	0	0	0	(0)
dbo	BloodData	27	PavO2	float	8	53	0	0	0	(0)
dbo	BloodData	28	PvCO2	float	8	53	0	0	0	(0)
dbo	BloodData	29	vpH	float	8	53	0	0	0	(0)
dbo	BloodData	30	CvP	float	8	53	0	0	0	(0)
dbo	BloodData	31	PvO2	float	8	53	0	0	0	(0)
dbo	BloodData	32	Lactate	float	8	53	0	0	0	(0)
dbo	BloodData	33	CaO2	float	8	53	0	0	0	(0)
dbo	BloodData	34	SvO2	float	8	53	0	0	0	(0)
dbo	BloodData	35	SupO2Device	nvarchar	40	0	0	1	0	NULL
dbo	BloodData	36	QspQtManuallyEntered	bit	1	1	0	0	0	(0)
dbo	BloodData	37	CvO2ManuallyEntered	bit	1	1	0	0	0	(0)
dbo	BloodData	38	PAO2ManuallyEntered	bit	1	1	0	0	0	(0)
dbo	BloodData	39	BaseExcessManuallyEntered	bit	1	1	0	0	0	(0)
dbo	BloodData	40	HCO3ManuallyEntered	bit	1	1	0	0	0	(0)
dbo	BloodData	41	SaO2ManuallyEntered	bit	1	1	0	0	0	(0)
dbo	BloodData	42	SvO2ManuallyEntered	bit	1	1	0	0	0	(0)
dbo	BloodData	43	PFProtocolStageIndex	tinyint	1	3	0	0	0	(0)
dbo	BloodData	44	HgbGmL	float	8	53	0	0	0	(0)
dbo	DeltaCO2Data	1	DeltaCO2DataID	int	4	10	0	0	1	NULL
dbo	DeltaCO2Data	2	PatVisitID	int	4	10	0	0	0	(0)
dbo	DeltaCO2Data	3	EffortTypeID	tinyint	1	3	0	0	0	(0)
dbo	DeltaCO2Data	4	EffortTime	datetime	8	23	3	0	0	NULL
dbo	DeltaCO2Data	5	EffortCDUs	float	8	53	0	0	0	(0)
dbo	DeltaCO2Data	6	EffortArtificial	bit	1	1	0	0	0	(0)
dbo	DeltaCO2Data	7	EffortManual	bit	1	1	0	0	0	(0)
dbo	DeltaCO2Data	8	EffortSelected	bit	1	1	0	0	0	(0)
dbo	DeltaCO2Data	9	EffortRpLp	bit	1	1	0	0	0	(0)
dbo	DeltaCO2Data	10	PFProtocolStageIndex	tinyint	1	3	0	0	0	(0)
dbo	DeltaCO2Data	11	Vt	float	8	53	0	0	0	(0)
dbo	DeltaCO2Data	12	Vd	float	8	53	0	0	0	(0)
dbo	DeltaCO2Data	13	VdVt	float	8	53	0	0	0	(0)
dbo	DeltaCO2Data	14	FRC	float	8	53	0	0	0	(0)
dbo	DeltaCO2Data	15	RR	float	8	53	0	0	0	(0)
dbo	DeltaCO2Data	16	DPhase3	float	8	53	0	0	0	(0)
dbo	DeltaCO2Data	17	Ti	float	8	53	0	0	0	(0)
dbo	DeltaCO2Data	18	Te	float	8	53	0	0	0	(0)
dbo	DeltaCO2Data	19	Ttot	float	8	53	0	0	0	(0)
dbo	DeltaCO2Data	20	DeltaCO2SourceData	varbinary	-1	0	0	1	0	NULL
dbo	DLCOData	1	DLCODataID	int	4	10	0	0	1	NULL
dbo	DLCOData	2	PatVisitID	int	4	10	0	0	0	(0)
dbo	DLCOData	3	EffortTypeID	tinyint	1	3	0	0	0	(0)
dbo	DLCOData	4	EffortTime	datetime	8	23	3	0	0	NULL
dbo	DLCOData	5	EffortCDUs	float	8	53	0	0	0	(0)
dbo	DLCOData	6	EffortArtificial	bit	1	1	0	0	0	(0)
dbo	DLCOData	7	EffortManual	bit	1	1	0	0	0	(0)
dbo	DLCOData	8	EffortSelected	bit	1	1	0	0	0	(0)
dbo	DLCOData	9	DLCOunc	float	8	53	0	0	0	(0)
dbo	DLCOData	10	DLCOcor	float	8	53	0	0	0	(0)
dbo	DLCOData	11	Dm	float	8	53	0	0	0	(0)
dbo	DLCOData	12	Kco	float	8	53	0	0	0	(0)
dbo	DLCOData	13	VA	float	8	53	0	0	0	(0)
dbo	DLCOData	14	DLVA	float	8	53	0	0	0	(0)
dbo	DLCOData	15	SVCSB	float	8	53	0	0	0	(0)
dbo	DLCOData	16	FRCSB	float	8	53	0	0	0	(0)
dbo	DLCOData	17	RVSB	float	8	53	0	0	0	(0)
dbo	DLCOData	18	ERVSB	float	8	53	0	0	0	(0)
dbo	DLCOData	19	TLCSB	float	8	53	0	0	0	(0)
dbo	DLCOData	20	RVTLCSB	float	8	53	0	0	0	(0)
dbo	DLCOData	21	TAU	float	8	53	0	0	0	(0)
dbo	DLCOData	22	DLCOSVCSourceData	varbinary	-1	0	0	1	0	NULL
dbo	DLCOData	23	DLCOGasSourceData	varbinary	-1	0	0	1	0	NULL
dbo	DLCOData	24	EffortRpLp	bit	1	1	0	0	0	(0)
dbo	DLCOData	25	FiNe	float	8	53	0	0	0	(0)
dbo	DLCOData	26	FeNe	float	8	53	0	0	0	(0)
dbo	DLCOData	27	FiCO	float	8	53	0	0	0	(0)
dbo	DLCOData	28	FeCO	float	8	53	0	0	0	(0)
dbo	DLCOData	29	BHT	float	8	53	0	0	0	(0)
dbo	DLCOData	30	IVC	float	8	53	0	0	0	(0)
dbo	DLCOData	31	DLCOATSCodes	nvarchar	20	0	0	1	0	NULL
dbo	DLCOData	32	CollectionProtocol	smallint	2	5	0	0	0	(0)
dbo	DLCOData	33	StartCollectVol	float	8	53	0	0	0	(0)
dbo	DLCOData	34	StopCollectVol	float	8	53	0	0	0	(0)
dbo	DLCOData	35	MouthPressureError	bit	1	1	0	0	0	(0)
dbo	DLCOData	36	PFProtocolStageIndex	tinyint	1	3	0	0	0	(0)
dbo	DLCOData	37	ICTLCSB	float	8	53	0	0	0	(0)
dbo	DLCOData	38	FiCH4	float	8	53	0	0	0	(0)
dbo	DLCOData	39	FeCH4	float	8	53	0	0	0	(0)
dbo	DLCOData	40	FiC2H2	float	8	53	0	0	0	(0)
dbo	DLCOData	41	FeC2H2	float	8	53	0	0	0	(0)
dbo	DLCOData	42	DLCORealTimeSourceData	varbinary	-1	0	0	1	0	NULL
dbo	DLCOData	43	CH4Slope	float	8	53	0	0	0	(0)
dbo	DLCOData	44	AnatomicDeadspace	float	8	53	0	0	0	(150)
dbo	DLCOData	45	ValveDeadspace	float	8	53	0	0	0	(120)
dbo	DLCOData	46	PreAnalysisTraceData	varbinary	-1	0	0	1	0	NULL
dbo	DLCOData	47	VATLCPL	float	8	53	0	0	0	((0))
dbo	DLCOData	48	VATLCN2	float	8	53	0	0	0	((0))
dbo	DLCOData	49	DLCOATSGrades	nvarchar	20	0	0	1	0	NULL
dbo	DynamicData	1	DynamicDataID	int	4	10	0	0	1	NULL
dbo	DynamicData	2	PatVisitID	int	4	10	0	0	0	(0)
dbo	DynamicData	3	EffortTypeID	tinyint	1	3	0	0	0	(0)
dbo	DynamicData	4	EffortTime	datetime	8	23	3	0	0	NULL
dbo	DynamicData	5	EffortCDUs	float	8	53	0	0	0	(0)
dbo	DynamicData	6	EffortArtificial	bit	1	1	0	0	0	(0)
dbo	DynamicData	7	EffortManual	bit	1	1	0	0	0	(0)
dbo	DynamicData	8	EffortSelected	bit	1	1	0	0	0	(0)
dbo	DynamicData	9	RRDyn	float	8	53	0	0	0	(0)
dbo	DynamicData	10	TVDyn	float	8	53	0	0	0	(0)
dbo	DynamicData	11	Cdyn	float	8	53	0	0	0	(0)
dbo	DynamicData	12	CdynCst	float	8	53	0	0	0	(0)
dbo	DynamicData	13	RpIDyn	float	8	53	0	0	0	(0)
dbo	DynamicData	14	RpEDyn	float	8	53	0	0	0	(0)
dbo	DynamicData	15	RpDyn	float	8	53	0	0	0	(0)
dbo	DynamicData	17	DynamicSourceData	varbinary	-1	0	0	1	0	NULL
dbo	DynamicData	18	PFProtocolStageIndex	tinyint	1	3	0	0	0	(0)
dbo	DynamicData	19	EffortRpLp	bit	1	1	0	0	0	(0)
dbo	EffortType	1	EffortTypeID	tinyint	1	3	0	0	0	(0)
dbo	EffortType	2	EffortTypeDesc	nvarchar	60	0	0	1	0	NULL
dbo	EffortType	3	EffortTypeNote	nvarchar	100	0	0	1	0	NULL
dbo	FOTData	1	FOTDataID	int	4	10	0	0	1	NULL
dbo	FOTData	2	PatVisitID	int	4	10	0	0	0	(0)
dbo	FOTData	3	EffortTypeID	tinyint	1	3	0	0	0	(0)
dbo	FOTData	4	EffortTime	datetime	8	23	3	0	0	NULL
dbo	FOTData	5	EffortCDUs	float	8	53	0	0	0	(0)
dbo	FOTData	6	EffortSelected	bit	1	1	0	0	0	(0)
dbo	FOTData	7	EffortArtificial	bit	1	1	0	0	0	(0)
dbo	FOTData	8	EffortManual	bit	1	1	0	0	0	(0)
dbo	FOTData	9	EffortRpLp	bit	1	1	0	0	0	(0)
dbo	FOTData	10	PFProtocolStageIndex	tinyint	1	3	0	0	0	(0)
dbo	FOTData	21	StimulatingFreqId	tinyint	1	3	0	0	0	((0))
dbo	FOTData	22	Duration	tinyint	1	3	0	0	0	((0))
dbo	FOTData	23	NumberOfBreaths	int	4	10	0	0	0	((0))
dbo	FOTData	24	FlowLimitationBreaths	int	4	10	0	0	0	((0))
dbo	FOTData	25	PercentAcceptedBreaths	float	8	53	0	0	0	((0))
dbo	FOTData	26	ResonantFreq	float	8	53	0	0	0	((0))
dbo	FOTData	27	R5	float	8	53	0	0	0	((0))
dbo	FOTData	28	X5	float	8	53	0	0	0	((0))
dbo	FOTData	29	Coherence5	float	8	53	0	0	0	((0))
dbo	FOTData	30	R7	float	8	53	0	0	0	((0))
dbo	FOTData	31	X7	float	8	53	0	0	0	((0))
dbo	FOTData	32	Coherence7	float	8	53	0	0	0	((0))
dbo	FOTData	33	R11	float	8	53	0	0	0	((0))
dbo	FOTData	34	X11	float	8	53	0	0	0	((0))
dbo	FOTData	35	Coherence11	float	8	53	0	0	0	((0))
dbo	FOTData	36	R13	float	8	53	0	0	0	((0))
dbo	FOTData	37	X13	float	8	53	0	0	0	((0))
dbo	FOTData	38	Coherence13	float	8	53	0	0	0	((0))
dbo	FOTData	39	R17	float	8	53	0	0	0	((0))
dbo	FOTData	40	X17	float	8	53	0	0	0	((0))
dbo	FOTData	41	Coherence17	float	8	53	0	0	0	((0))
dbo	FOTData	42	R19	float	8	53	0	0	0	((0))
dbo	FOTData	43	X19	float	8	53	0	0	0	((0))
dbo	FOTData	44	Coherence19	float	8	53	0	0	0	((0))
dbo	FOTData	45	R23	float	8	53	0	0	0	((0))
dbo	FOTData	46	X23	float	8	53	0	0	0	((0))
dbo	FOTData	47	Coherence23	float	8	53	0	0	0	((0))
dbo	FOTData	48	R29	float	8	53	0	0	0	((0))
dbo	FOTData	49	X29	float	8	53	0	0	0	((0))
dbo	FOTData	50	Coherence29	float	8	53	0	0	0	((0))
dbo	FOTData	51	R31	float	8	53	0	0	0	((0))
dbo	FOTData	52	X31	float	8	53	0	0	0	((0))
dbo	FOTData	53	Coherence31	float	8	53	0	0	0	((0))
dbo	FOTData	54	R37	float	8	53	0	0	0	((0))
dbo	FOTData	55	X37	float	8	53	0	0	0	((0))
dbo	FOTData	56	Coherence37	float	8	53	0	0	0	((0))
dbo	FOTData	57	ExpiratoryReactance	float	8	53	0	0	0	((0))
dbo	FOTData	58	InspiratoryConductanceMean	float	8	53	0	0	0	((0))
dbo	FOTData	59	RInsp5Hz	float	8	53	0	0	0	((0))
dbo	FOTData	60	RExp5Hz	float	8	53	0	0	0	((0))
dbo	FOTData	61	RTotal5Hz	float	8	53	0	0	0	((0))
dbo	FOTData	62	XInsp5Hz	float	8	53	0	0	0	((0))
dbo	FOTData	63	XExp5Hz	float	8	53	0	0	0	((0))
dbo	FOTData	64	XTotal5Hz	float	8	53	0	0	0	((0))
dbo	FOTData	65	RInsp5HzSD	float	8	53	0	0	0	((0))
dbo	FOTData	66	RExp5HzSD	float	8	53	0	0	0	((0))
dbo	FOTData	67	RTotal5HzSD	float	8	53	0	0	0	((0))
dbo	FOTData	68	XInsp5HzSD	float	8	53	0	0	0	((0))
dbo	FOTData	69	XExp5HzSD	float	8	53	0	0	0	((0))
dbo	FOTData	70	XTotal5HzSD	float	8	53	0	0	0	((0))
dbo	FOTData	71	RInsp6Hz	float	8	53	0	0	0	((0))
dbo	FOTData	72	RExp6Hz	float	8	53	0	0	0	((0))
dbo	FOTData	73	RTotal6Hz	float	8	53	0	0	0	((0))
dbo	FOTData	74	XInsp6Hz	float	8	53	0	0	0	((0))
dbo	FOTData	75	XExp6Hz	float	8	53	0	0	0	((0))
dbo	FOTData	76	XTotal6Hz	float	8	53	0	0	0	((0))
dbo	FOTData	77	RInsp6HzSD	float	8	53	0	0	0	((0))
dbo	FOTData	78	RExp6HzSD	float	8	53	0	0	0	((0))
dbo	FOTData	79	RTotal6HzSD	float	8	53	0	0	0	((0))
dbo	FOTData	80	XInsp6HzSD	float	8	53	0	0	0	((0))
dbo	FOTData	81	XExp6HzSD	float	8	53	0	0	0	((0))
dbo	FOTData	82	XTotal6HzSD	float	8	53	0	0	0	((0))
dbo	FOTData	83	RInsp8Hz	float	8	53	0	0	0	((0))
dbo	FOTData	84	RExp8Hz	float	8	53	0	0	0	((0))
dbo	FOTData	85	RTotal8Hz	float	8	53	0	0	0	((0))
dbo	FOTData	86	XInsp8Hz	float	8	53	0	0	0	((0))
dbo	FOTData	87	XExp8Hz	float	8	53	0	0	0	((0))
dbo	FOTData	88	XTotal8Hz	float	8	53	0	0	0	((0))
dbo	FOTData	89	RInsp8HzSD	float	8	53	0	0	0	((0))
dbo	FOTData	90	RExp8HzSD	float	8	53	0	0	0	((0))
dbo	FOTData	91	RTotal8HzSD	float	8	53	0	0	0	((0))
dbo	FOTData	92	XInsp8HzSD	float	8	53	0	0	0	((0))
dbo	FOTData	93	XExp8HzSD	float	8	53	0	0	0	((0))
dbo	FOTData	94	XTotal8HzSD	float	8	53	0	0	0	((0))
dbo	FOTData	95	RInsp10Hz	float	8	53	0	0	0	((0))
dbo	FOTData	96	RExp10Hz	float	8	53	0	0	0	((0))
dbo	FOTData	97	RTotal10Hz	float	8	53	0	0	0	((0))
dbo	FOTData	98	XInsp10Hz	float	8	53	0	0	0	((0))
dbo	FOTData	99	XExp10Hz	float	8	53	0	0	0	((0))
dbo	FOTData	100	XTotal10Hz	float	8	53	0	0	0	((0))
dbo	FOTData	101	RInsp10HzSD	float	8	53	0	0	0	((0))
dbo	FOTData	102	RExp10HzSD	float	8	53	0	0	0	((0))
dbo	FOTData	103	RTotal10HzSD	float	8	53	0	0	0	((0))
dbo	FOTData	104	XInsp10HzSD	float	8	53	0	0	0	((0))
dbo	FOTData	105	XExp10HzSD	float	8	53	0	0	0	((0))
dbo	FOTData	106	XTotal10HzSD	float	8	53	0	0	0	((0))
dbo	FOTData	107	RInsp11Hz	float	8	53	0	0	0	((0))
dbo	FOTData	108	RExp11Hz	float	8	53	0	0	0	((0))
dbo	FOTData	109	RTotal11Hz	float	8	53	0	0	0	((0))
dbo	FOTData	110	XInsp11Hz	float	8	53	0	0	0	((0))
dbo	FOTData	111	XExp11Hz	float	8	53	0	0	0	((0))
dbo	FOTData	112	XTotal11Hz	float	8	53	0	0	0	((0))
dbo	FOTData	113	RInsp11HzSD	float	8	53	0	0	0	((0))
dbo	FOTData	114	RExp11HzSD	float	8	53	0	0	0	((0))
dbo	FOTData	115	RTotal11HzSD	float	8	53	0	0	0	((0))
dbo	FOTData	116	XInsp11HzSD	float	8	53	0	0	0	((0))
dbo	FOTData	117	XExp11HzSD	float	8	53	0	0	0	((0))
dbo	FOTData	118	XTotal11HzSD	float	8	53	0	0	0	((0))
dbo	FOTData	119	RInsp19Hz	float	8	53	0	0	0	((0))
dbo	FOTData	120	RExp19Hz	float	8	53	0	0	0	((0))
dbo	FOTData	121	RTotal19Hz	float	8	53	0	0	0	((0))
dbo	FOTData	122	XInsp19Hz	float	8	53	0	0	0	((0))
dbo	FOTData	123	XExp19Hz	float	8	53	0	0	0	((0))
dbo	FOTData	124	XTotal19Hz	float	8	53	0	0	0	((0))
dbo	FOTData	125	RInsp19HzSD	float	8	53	0	0	0	((0))
dbo	FOTData	126	RExp19HzSD	float	8	53	0	0	0	((0))
dbo	FOTData	127	RTotal19HzSD	float	8	53	0	0	0	((0))
dbo	FOTData	128	XInsp19HzSD	float	8	53	0	0	0	((0))
dbo	FOTData	129	XExp19HzSD	float	8	53	0	0	0	((0))
dbo	FOTData	130	XTotal19HzSD	float	8	53	0	0	0	((0))
dbo	FOTData	131	InspiratoryFlowMean	float	8	53	0	0	0	((0))
dbo	FOTData	132	InspiratoryFlowStdDev	float	8	53	0	0	0	((0))
dbo	FOTData	133	ExpiratoryFlowMean	float	8	53	0	0	0	((0))
dbo	FOTData	134	ExpiratoryFlowStdDev	float	8	53	0	0	0	((0))
dbo	FOTData	135	TtotMean	float	8	53	0	0	0	((0))
dbo	FOTData	136	TtotStdDev	float	8	53	0	0	0	((0))
dbo	FOTData	137	TiMean	float	8	53	0	0	0	((0))
dbo	FOTData	138	TiStdDev	float	8	53	0	0	0	((0))
dbo	FOTData	139	TeMean	float	8	53	0	0	0	((0))
dbo	FOTData	140	TeStdDev	float	8	53	0	0	0	((0))
dbo	FOTData	141	RespiratoryRateMean	float	8	53	0	0	0	((0))
dbo	FOTData	142	RespiratoryRateStdDev	float	8	53	0	0	0	((0))
dbo	FOTData	143	TiTtotMean	float	8	53	0	0	0	((0))
dbo	FOTData	144	TiTtotStdDev	float	8	53	0	0	0	((0))
dbo	FOTData	145	TidalVolumeMean	float	8	53	0	0	0	((0))
dbo	FOTData	146	TidalVolumeStdDev	float	8	53	0	0	0	((0))
dbo	FOTData	147	VentilationMean	float	8	53	0	0	0	((0))
dbo	FOTData	148	VentilationStdDev	float	8	53	0	0	0	((0))
dbo	FOTData	149	EFLXrsMean	float	8	53	0	0	0	((0))
dbo	FOTData	150	EFLXrsStdDev	float	8	53	0	0	0	((0))
dbo	FOTData	151	R519Mean	float	8	53	0	0	0	((0))
dbo	FOTData	152	R519StdDev	float	8	53	0	0	0	((0))
dbo	FOTData	153	RealTimeSourceData	varbinary	-1	0	0	1	0	NULL
dbo	FOTData	154	AvgBreathSourceData	varbinary	-1	0	0	1	0	NULL
dbo	FOTData	155	AcceptedBreathsSourceData	varbinary	-1	0	0	1	0	NULL
dbo	FRCData	1	FRCDataID	int	4	10	0	0	1	NULL
dbo	FRCData	2	PatVisitID	int	4	10	0	0	0	(0)
dbo	FRCData	3	EffortTypeID	tinyint	1	3	0	0	0	(0)
dbo	FRCData	4	EffortTime	datetime	8	23	3	0	0	NULL
dbo	FRCData	5	EffortCDUs	float	8	53	0	0	0	(0)
dbo	FRCData	6	EffortArtificial	bit	1	1	0	0	0	(0)
dbo	FRCData	7	EffortManual	bit	1	1	0	0	0	(0)
dbo	FRCData	8	EffortSelected	bit	1	1	0	0	0	(0)
dbo	FRCData	9	FRCN2	float	8	53	0	0	0	(0)
dbo	FRCData	10	RVN2	float	8	53	0	0	0	(0)
dbo	FRCData	11	TLCN2	float	8	53	0	0	0	(0)
dbo	FRCData	12	RVTLCN2	float	8	53	0	0	0	(0)
dbo	FRCData	13	VDanN2	float	8	53	0	0	0	(0)
dbo	FRCData	14	WashTime	float	8	53	0	0	0	(0)
dbo	FRCData	15	FinalN2	float	8	53	0	0	0	(0)
dbo	FRCData	16	ClearIndex	float	8	53	0	0	0	(0)
dbo	FRCData	17	FRCSourceData	varbinary	-1	0	0	1	0	NULL
dbo	FRCData	18	EffortRpLp	bit	1	1	0	0	0	(0)
dbo	FRCData	19	SwitchInError	float	8	53	0	0	0	(0)
dbo	FRCData	20	FRCATSCodes	nvarchar	20	0	0	1	0	NULL
dbo	FRCData	21	FRCSVCSourceData	varbinary	-1	0	0	1	0	NULL
dbo	FRCData	22	PFProtocolStageIndex	tinyint	1	3	0	0	0	(0)
dbo	FRCData	23	ExternalDeadspace	float	8	53	0	0	0	(0)
dbo	FRCData	24	ICTLCN2	float	8	53	0	0	0	(0)
dbo	FVLData	1	FVLDataID	int	4	10	0	0	1	NULL
dbo	FVLData	2	PatVisitID	int	4	10	0	0	0	(0)
dbo	FVLData	3	EffortTypeID	tinyint	1	3	0	0	0	(0)
dbo	FVLData	4	EffortTime	datetime	8	23	3	0	0	NULL
dbo	FVLData	5	EffortCDUs	float	8	53	0	0	0	(0)
dbo	FVLData	6	EffortArtificial	bit	1	1	0	0	0	(0)
dbo	FVLData	7	EffortManual	bit	1	1	0	0	0	(0)
dbo	FVLData	8	EffortSelected	bit	1	1	0	0	0	(0)
dbo	FVLData	9	FVC	float	8	53	0	0	0	(0)
dbo	FVLData	10	FEV05	float	8	53	0	0	0	(0)
dbo	FVLData	11	FEV1	float	8	53	0	0	0	(0)
dbo	FVLData	12	FEV2	float	8	53	0	0	0	(0)
dbo	FVLData	13	FEV3	float	8	53	0	0	0	(0)
dbo	FVLData	14	FEV6	float	8	53	0	0	0	(0)
dbo	FVLData	15	FEV7	float	8	53	0	0	0	(0)
dbo	FVLData	16	FEV10	float	8	53	0	0	0	(0)
dbo	FVLData	17	FEV05FVC	float	8	53	0	0	0	(0)
dbo	FVLData	18	FEV1FVC	float	8	53	0	0	0	(0)
dbo	FVLData	19	FEV2FVC	float	8	53	0	0	0	(0)
dbo	FVLData	20	FEV3FVC	float	8	53	0	0	0	(0)
dbo	FVLData	21	FEV6FVC	float	8	53	0	0	0	(0)
dbo	FVLData	22	FEF10	float	8	53	0	0	0	(0)
dbo	FVLData	23	FEF25	float	8	53	0	0	0	(0)
dbo	FVLData	24	FEF40	float	8	53	0	0	0	(0)
dbo	FVLData	25	FEF50	float	8	53	0	0	0	(0)
dbo	FVLData	26	FEF60	float	8	53	0	0	0	(0)
dbo	FVLData	27	FEF70	float	8	53	0	0	0	(0)
dbo	FVLData	28	FEF75	float	8	53	0	0	0	(0)
dbo	FVLData	29	FEF80	float	8	53	0	0	0	(0)
dbo	FVLData	30	FEF85	float	8	53	0	0	0	(0)
dbo	FVLData	31	FEF90	float	8	53	0	0	0	(0)
dbo	FVLData	32	FEFMax	float	8	53	0	0	0	(0)
dbo	FVLData	33	FEF2575	float	8	53	0	0	0	(0)
dbo	FVLData	34	FEF7585	float	8	53	0	0	0	(0)
dbo	FVLData	35	FEF2001200	float	8	53	0	0	0	(0)
dbo	FVLData	36	ExpTime	float	8	53	0	0	0	(0)
dbo	FVLData	37	FET2575	float	8	53	0	0	0	(0)
dbo	FVLData	38	FIVC	float	8	53	0	0	0	(0)
dbo	FVLData	39	FIV1	float	8	53	0	0	0	(0)
dbo	FVLData	40	FIV1FIVC	float	8	53	0	0	0	(0)
dbo	FVLData	41	FIF25	float	8	53	0	0	0	(0)
dbo	FVLData	42	FIF50	float	8	53	0	0	0	(0)
dbo	FVLData	43	FIF75	float	8	53	0	0	0	(0)
dbo	FVLData	44	FIF2575	float	8	53	0	0	0	(0)
dbo	FVLData	45	FIFMax	float	8	53	0	0	0	(0)
dbo	FVLData	46	FEF50FIF50	float	8	53	0	0	0	(0)
dbo	FVLData	47	ToFEFMax	float	8	53	0	0	0	(0)
dbo	FVLData	48	VolExtrap	float	8	53	0	0	0	(0)
dbo	FVLData	49	MMET	float	8	53	0	0	0	(0)
dbo	FVLData	50	FVCMeanTr	float	8	53	0	0	0	(0)
dbo	FVLData	51	FEV1SVC	float	8	53	0	0	0	(0)
dbo	FVLData	52	PAlvPeak	float	8	53	0	0	0	(0)
dbo	FVLData	53	VolPAlvPk	float	8	53	0	0	0	(0)
dbo	FVLData	54	FVLInspiratorySourceData	varbinary	-1	0	0	1	0	NULL
dbo	FVLData	55	FVLExpiratorySourceData	varbinary	-1	0	0	1	0	NULL
dbo	FVLData	56	FVLTidalSourceData	varbinary	-1	0	0	1	0	NULL
dbo	FVLData	57	FVLATSCodes	nvarchar	20	0	0	1	0	NULL
dbo	FVLData	58	EffortRpLp	bit	1	1	0	0	0	(0)
dbo	FVLData	59	FEFMaxFVC	float	8	53	0	0	0	(0)
dbo	FVLData	60	FEV1FEV6	float	8	53	0	0	0	(0)
dbo	FVLData	61	FEV05FEV6	float	8	53	0	0	0	(0)
dbo	FVLData	62	FEV2FEV6	float	8	53	0	0	0	(0)
dbo	FVLData	63	FEV3FEV6	float	8	53	0	0	0	(0)
dbo	FVLData	64	FEFMaxFEV6	float	8	53	0	0	0	(0)
dbo	FVLData	65	PFProtocolStageIndex	tinyint	1	3	0	0	0	(0)
dbo	FVLData	66	PEF	float	8	53	0	0	0	(0)
dbo	FVLData	67	VMax60	float	8	53	0	0	0	(0)
dbo	FVLData	68	VMax70	float	8	53	0	0	0	(0)
dbo	FVLData	69	VMax80	float	8	53	0	0	0	(0)
dbo	FVLData	70	MP30	float	8	53	0	0	0	(0)
dbo	FVLData	71	FEF50FVC	float	8	53	0	0	0	(0)
dbo	FVLData	72	FEF75FVC	float	8	53	0	0	0	(0)
dbo	FVLData	73	FVLVolumeTimeSourceData	varbinary	-1	0	0	1	0	NULL
dbo	FVLData	74	JaegerEffort	bit	1	1	0	0	0	(0)
dbo	FVLData	75	FEV075	float	8	53	0	0	0	(0)
dbo	FVLData	76	TestGradeNLHEP	nvarchar	2	0	0	1	0	NULL
dbo	FVLData	77	TestGradeATS	nvarchar	20	0	0	1	0	NULL
dbo	Hardware	1	HardwareID	tinyint	1	3	0	0	0	(0)
dbo	Hardware	2	HardwareDesc	nvarchar	50	0	0	0	0	NULL
dbo	Hardware	3	Spirometry	bit	1	1	0	0	0	(1)
dbo	Hardware	4	FRC	bit	1	1	0	0	0	(0)
dbo	Hardware	5	Pleth	bit	1	1	0	0	0	(0)
dbo	Hardware	6	DLCO	bit	1	1	0	0	0	(0)
dbo	Hardware	7	SBN2	bit	1	1	0	0	0	(0)
dbo	Hardware	8	GX	bit	1	1	0	0	0	(0)
dbo	Hardware	9	MipMep	bit	1	1	0	0	0	(0)
dbo	Hardware	10	Compliance	bit	1	1	0	0	0	(0)
dbo	Hardware	11	P100	bit	1	1	0	0	0	(0)
dbo	Hardware	14	PreLineFlushTime	int	4	10	0	0	0	(0)
dbo	Hardware	15	RelieveTime	int	4	10	0	0	0	(0)
dbo	Hardware	16	FlushLineTimeOnEntry	int	4	10	0	0	0	(0)
dbo	Hardware	17	ValveDelay	int	4	10	0	0	0	(0)
dbo	Hardware	18	EmptyChamberTime	int	4	10	0	0	0	(0)
dbo	Hardware	20	ValveDeadSpace	float	8	53	0	0	0	(0)
dbo	Hardware	22	MouthDelaySamples	smallint	2	5	0	0	0	(0)
dbo	Hardware	23	BoxDelaySamples	smallint	2	5	0	0	0	(0)
dbo	Hardware	24	FlowDelaySamples	smallint	2	5	0	0	0	(0)
dbo	Hardware	28	BoxCalPumpVolume	int	4	10	0	0	0	(0)
dbo	Hardware	29	N2WashCorrFactorHuman	float	8	53	0	0	0	(0)
dbo	Hardware	30	N2WashCorrFactorSyringe	float	8	53	0	0	0	(0)
dbo	Hardware	31	DeltaCO2	bit	1	1	0	0	0	(0)
dbo	Hardware	32	FOT	bit	1	1	0	0	0	(0)
dbo	MipData	1	MipDataID	int	4	10	0	0	1	NULL
dbo	MipData	2	PatVisitID	int	4	10	0	0	0	(0)
dbo	MipData	3	EffortTypeID	tinyint	1	3	0	0	0	(0)
dbo	MipData	4	EffortTime	datetime	8	23	3	0	0	NULL
dbo	MipData	5	EffortCDUs	float	8	53	0	0	0	(0)
dbo	MipData	6	EffortArtificial	bit	1	1	0	0	0	(0)
dbo	MipData	7	EffortManual	bit	1	1	0	0	0	(0)
dbo	MipData	8	EffortSelected	bit	1	1	0	0	0	(0)
dbo	MipData	9	MEP	float	8	53	0	0	0	(0)
dbo	MipData	10	MIP	float	8	53	0	0	0	(0)
dbo	MipData	11	MipSourceData	varbinary	-1	0	0	1	0	NULL
dbo	MipData	12	PFProtocolStageIndex	tinyint	1	3	0	0	0	(0)
dbo	MipData	13	PercentTLC	float	8	53	0	0	0	(0)
dbo	MVVData	1	MVVDataID	int	4	10	0	0	1	NULL
dbo	MVVData	2	PatVisitID	int	4	10	0	0	0	(0)
dbo	MVVData	3	EffortTypeID	tinyint	1	3	0	0	0	(0)
dbo	MVVData	4	EffortTime	datetime	8	23	3	0	0	NULL
dbo	MVVData	5	EffortCDUs	float	8	53	0	0	0	(0)
dbo	MVVData	6	EffortArtificial	bit	1	1	0	0	0	(0)
dbo	MVVData	7	EffortManual	bit	1	1	0	0	0	(0)
dbo	MVVData	8	EffortSelected	bit	1	1	0	0	0	(0)
dbo	MVVData	9	MVV	float	8	53	0	0	0	(0)
dbo	MVVData	10	RRMVV	float	8	53	0	0	0	(0)
dbo	MVVData	11	TVMVV	float	8	53	0	0	0	(0)
dbo	MVVData	12	MVVSourceData	varbinary	-1	0	0	1	0	NULL
dbo	MVVData	13	PFProtocolStageIndex	tinyint	1	3	0	0	0	(0)
dbo	P100Data	1	P100DataID	int	4	10	0	0	1	NULL
dbo	P100Data	2	PatVisitID	int	4	10	0	0	0	(0)
dbo	P100Data	3	EffortSelected	bit	1	1	0	0	0	(0)
dbo	P100Data	4	EffortTime	datetime	8	23	3	0	0	NULL
dbo	P100Data	5	EffortTypeID	tinyint	1	3	0	0	0	(0)
dbo	P100Data	6	EffortRpLp	bit	1	1	0	0	0	(0)
dbo	P100Data	7	EffortManual	bit	1	1	0	0	0	(0)
dbo	P100Data	8	EffortArtificial	bit	1	1	0	0	0	(0)
dbo	P100Data	9	EffortCDUs	float	8	53	0	0	0	(0)
dbo	P100Data	10	RR	float	8	53	0	0	0	(0)
dbo	P100Data	11	Vt	float	8	53	0	0	0	(0)
dbo	P100Data	12	VE	float	8	53	0	0	0	(0)
dbo	P100Data	13	Pocc	float	8	53	0	0	0	(0)
dbo	P100Data	14	P100SourceData	varbinary	-1	0	0	1	0	NULL
dbo	P100Data	15	PFProtocolStageIndex	tinyint	1	3	0	0	0	(0)
dbo	P100Data	16	PetCO2	float	8	53	0	0	0	((0.0))
dbo	P100Data	17	SPO2	float	8	53	0	0	0	((0.0))
dbo	P100Data	18	FIO2	float	8	53	0	0	0	((0.0))
dbo	P100Data	19	TiTtot	float	8	53	0	0	0	((0.0))
dbo	P100Data	20	VtTi	float	8	53	0	0	0	((0.0))
dbo	P100Data	21	fVt	float	8	53	0	0	0	((0.0))
dbo	P100Data	22	PFxTest	bit	1	1	0	0	0	((0))
dbo	Patient	1	PatientIDNum	nvarchar	40	0	0	0	0	NULL
dbo	Patient	2	SexListID	tinyint	1	3	0	0	0	(1)
dbo	Patient	3	RaceListID	tinyint	1	3	0	0	0	(1)
dbo	Patient	4	PatientLastName	nvarchar	60	0	0	0	0	NULL
dbo	Patient	5	PatientFirstName	nvarchar	60	0	0	1	0	NULL
dbo	Patient	6	PatientMidName	nvarchar	60	0	0	1	0	NULL
dbo	Patient	7	LastTest	datetime	8	23	3	1	0	NULL
dbo	Patient	8	Birthday	datetime	8	23	3	1	0	NULL
dbo	Patient	9	UserData	nvarchar	40	0	0	1	0	NULL
dbo	Patient	10	LockUser	nvarchar	40	0	0	1	0	NULL
dbo	Patient	11	LockStation	nvarchar	40	0	0	1	0	NULL
dbo	Patient	14	SyringeFlag	bit	1	1	0	0	0	(0)
dbo	Patient	15	PatientGUID	uniqueidentifier	16	0	0	0	0	NULL
dbo	Patient	16	StudyGUID	uniqueidentifier	16	0	0	1	0	NULL
dbo	Patient	17	OrderID	nvarchar	40	0	0	1	0	NULL
dbo	Patient	18	PatientAuxData	nvarchar	100	0	0	1	0	NULL
dbo	Patient	19	PatientAuxData2	nvarchar	100	0	0	1	0	NULL
dbo	Patient	20	PatientAuxData3	nvarchar	100	0	0	1	0	NULL
dbo	Patient	21	PatientAuxData4	nvarchar	100	0	0	1	0	NULL
dbo	Patient	22	PatientAuxData5	nvarchar	100	0	0	1	0	NULL
dbo	Patient	23	PatientAuxData6	nvarchar	100	0	0	1	0	NULL
dbo	Patient	24	PatientAuxData7	nvarchar	100	0	0	1	0	NULL
dbo	Patient	25	PatientAuxData8	nvarchar	100	0	0	1	0	NULL
dbo	Patient	26	PatientAuxData9	nvarchar	100	0	0	1	0	NULL
dbo	Patient	27	PatientAuxData10	nvarchar	100	0	0	1	0	NULL
dbo	Patient	28	PatientAuxData11	nvarchar	100	0	0	1	0	NULL
dbo	Patient	29	PatientAuxData12	nvarchar	100	0	0	1	0	NULL
dbo	Patient	30	PatientAuxData13	nvarchar	100	0	0	1	0	NULL
dbo	Patient	31	PatientAuxData14	nvarchar	100	0	0	1	0	NULL
dbo	Patient	32	PatientAuxData15	nvarchar	100	0	0	1	0	NULL
dbo	Patient	33	PatientAuxData16	nvarchar	100	0	0	1	0	NULL
dbo	Patient	34	PatientAuxData17	nvarchar	100	0	0	1	0	NULL
dbo	Patient	35	PatientAuxData18	nvarchar	100	0	0	1	0	NULL
dbo	Patient	36	PatientAuxData19	nvarchar	100	0	0	1	0	NULL
dbo	Patient	37	PatientAuxData20	nvarchar	100	0	0	1	0	NULL
dbo	Patient	38	LastReviewStatusID	tinyint	1	3	0	0	0	(1)
dbo	Patient	39	LastVendor	nvarchar	100	0	0	1	0	NULL
dbo	Patient	40	PEFBestValue	float	8	53	0	0	0	(0)
dbo	Patient	41	BiologicFlag	bit	1	1	0	0	0	((0))
dbo	Patient	42	LockDateTime	datetime	8	23	3	1	0	NULL
dbo	PatVisit	1	PatVisitID	int	4	10	0	0	1	NULL
dbo	PatVisit	2	DyspneaID	tinyint	1	3	0	0	0	(1)
dbo	PatVisit	3	CoughID	tinyint	1	3	0	0	0	(1)
dbo	PatVisit	4	WheezeID	tinyint	1	3	0	0	0	(1)
dbo	PatVisit	5	TobaccoID	tinyint	1	3	0	0	0	(1)
dbo	PatVisit	6	VisitDateTime	datetime	8	23	3	0	0	NULL
dbo	PatVisit	7	ReviewStatusID	tinyint	1	3	0	0	0	(1)
dbo	PatVisit	8	Account	nvarchar	40	0	0	1	0	NULL
dbo	PatVisit	9	VisitAuxData	nvarchar	100	0	0	1	0	NULL
dbo	PatVisit	10	VisitAuxData2	nvarchar	100	0	0	1	0	NULL
dbo	PatVisit	11	VisitAuxData3	nvarchar	100	0	0	1	0	NULL
dbo	PatVisit	12	VisitAuxData4	nvarchar	100	0	0	1	0	NULL
dbo	PatVisit	13	UserData	nvarchar	40	0	0	1	0	NULL
dbo	PatVisit	14	DTXName	nvarchar	40	0	0	1	0	NULL
dbo	PatVisit	15	Age	real	4	24	0	1	0	NULL
dbo	PatVisit	16	Weight	real	4	24	0	1	0	NULL
dbo	PatVisit	17	Height	real	4	24	0	1	0	NULL
dbo	PatVisit	18	BSA	real	4	24	0	1	0	NULL
dbo	PatVisit	19	ArmSpan	real	4	24	0	1	0	NULL
dbo	PatVisit	20	Room	nvarchar	40	0	0	1	0	NULL
dbo	PatVisit	21	PackaDay	real	4	24	0	1	0	NULL
dbo	PatVisit	22	PackYears	real	4	24	0	1	0	NULL
dbo	PatVisit	23	QuitYears	real	4	24	0	1	0	NULL
dbo	PatVisit	24	YearsSmoke	real	4	24	0	1	0	NULL
dbo	PatVisit	25	Temperature	real	4	24	0	0	0	(0)
dbo	PatVisit	26	BarPress	real	4	24	0	0	0	(0)
dbo	PatVisit	27	Humidity	real	4	24	0	0	0	(0)
dbo	PatVisit	28	PrePost	tinyint	1	3	0	0	0	(0)
dbo	PatVisit	29	OccuExpos	nvarchar	120	0	0	1	0	NULL
dbo	PatVisit	30	Illness	nvarchar	120	0	0	1	0	NULL
dbo	PatVisit	31	Medication	nvarchar	-1	0	0	1	0	NULL
dbo	PatVisit	32	Comments	nvarchar	-1	0	0	1	0	NULL
dbo	PatVisit	33	Diagnosis	nvarchar	-1	0	0	1	0	NULL
dbo	PatVisit	34	PostComm	nvarchar	-1	0	0	1	0	NULL
dbo	PatVisit	35	FVLTest	bit	1	1	0	0	0	(0)
dbo	PatVisit	36	SVCTest	bit	1	1	0	0	0	(0)
dbo	PatVisit	37	MVVTest	bit	1	1	0	0	0	(0)
dbo	PatVisit	38	FRCTest	bit	1	1	0	0	0	(0)
dbo	PatVisit	39	DLCOTest	bit	1	1	0	0	0	(0)
dbo	PatVisit	40	PlethTest	bit	1	1	0	0	0	(0)
dbo	PatVisit	41	MipMepTest	bit	1	1	0	0	0	(0)
dbo	PatVisit	42	StaticTest	bit	1	1	0	0	0	(0)
dbo	PatVisit	43	DynamicTest	bit	1	1	0	0	0	(0)
dbo	PatVisit	44	SBN2Test	bit	1	1	0	0	0	(0)
dbo	PatVisit	45	NICOTest	bit	1	1	0	0	0	(0)
dbo	PatVisit	46	CCMCanopyTest	bit	1	1	0	0	0	(0)
dbo	PatVisit	47	CCMVentTest	bit	1	1	0	0	0	(0)
dbo	PatVisit	48	CCMStandardTest	bit	1	1	0	0	0	(0)
dbo	PatVisit	49	LastPFProtocolStageIndex	tinyint	1	3	0	0	0	(0)
dbo	PatVisit	50	PublishedReport	varbinary	-1	0	0	1	0	NULL
dbo	PatVisit	51	PFConsult	nvarchar	-1	0	0	1	0	NULL
dbo	PatVisit	52	BloodTest	bit	1	1	0	0	0	(0)
dbo	PatVisit	53	Posted	bit	1	1	0	0	0	(0)
dbo	PatVisit	54	PostedDateTime	datetime	8	23	3	1	0	NULL
dbo	PatVisit	55	RequestDateTime	datetime	8	23	3	1	0	NULL
dbo	PatVisit	56	TestingStage	tinyint	1	3	0	0	0	(0)
dbo	PatVisit	57	BMI	real	4	24	0	0	0	(0)
dbo	PatVisit	58	QRSPTCode	nvarchar	20	0	0	1	0	NULL
dbo	PatVisit	59	Trend	bit	1	1	0	0	0	(1)
dbo	PatVisit	60	QRSPTLotNumber	nvarchar	20	0	0	1	0	NULL
dbo	PatVisit	61	BikeTest	bit	1	1	0	0	0	(0)
dbo	PatVisit	62	TreadmillTest	bit	1	1	0	0	0	(0)
dbo	PatVisit	63	CopyToQueryDB	bit	1	1	0	0	0	(0)
dbo	PatVisit	64	TechGUID	uniqueidentifier	16	0	0	1	0	NULL
dbo	PatVisit	65	DoctorGUID	uniqueidentifier	16	0	0	1	0	NULL
dbo	PatVisit	66	DoctorGUID2	uniqueidentifier	16	0	0	1	0	NULL
dbo	PatVisit	67	DoctorGUID3	uniqueidentifier	16	0	0	1	0	NULL
dbo	PatVisit	68	SiteGUID	uniqueidentifier	16	0	0	0	0	NULL
dbo	PatVisit	69	PFProtocolGUID	uniqueidentifier	16	0	0	0	0	NULL
dbo	PatVisit	70	PatientGUID	uniqueidentifier	16	0	0	0	0	NULL
dbo	PatVisit	71	ExFVLTest	bit	1	1	0	0	0	(0)
dbo	PatVisit	72	P100Test	bit	1	1	0	0	0	(0)
dbo	PatVisit	75	LeanBodyMass	real	4	24	0	0	0	(0)
dbo	PatVisit	76	CalibrationDateTime	datetime	8	23	3	1	0	NULL
dbo	PatVisit	77	CalibrationWorkstationGUID	uniqueidentifier	16	0	0	1	0	NULL
dbo	PatVisit	78	graphs	varbinary	-1	0	0	1	0	NULL
dbo	PatVisit	79	StudyGUID	uniqueidentifier	16	0	0	1	0	NULL
dbo	PatVisit	80	DeltaCO2Test	bit	1	1	0	0	0	(0)
dbo	PatVisit	82	VisitAuxData5	nvarchar	100	0	0	1	0	NULL
dbo	PatVisit	83	VisitAuxData6	nvarchar	100	0	0	1	0	NULL
dbo	PatVisit	84	VisitAuxData7	nvarchar	100	0	0	1	0	NULL
dbo	PatVisit	85	VisitAuxData8	nvarchar	100	0	0	1	0	NULL
dbo	PatVisit	86	VisitAuxData9	nvarchar	100	0	0	1	0	NULL
dbo	PatVisit	87	VisitAuxData10	nvarchar	100	0	0	1	0	NULL
dbo	PatVisit	88	VisitAuxData11	nvarchar	100	0	0	1	0	NULL
dbo	PatVisit	89	VisitAuxData12	nvarchar	100	0	0	1	0	NULL
dbo	PatVisit	90	VisitAuxData13	nvarchar	100	0	0	1	0	NULL
dbo	PatVisit	91	VisitAuxData14	nvarchar	100	0	0	1	0	NULL
dbo	PatVisit	92	VisitAuxData15	nvarchar	100	0	0	1	0	NULL
dbo	PatVisit	93	VisitAuxData16	nvarchar	100	0	0	1	0	NULL
dbo	PatVisit	94	VisitAuxData17	nvarchar	100	0	0	1	0	NULL
dbo	PatVisit	95	VisitAuxData18	nvarchar	100	0	0	1	0	NULL
dbo	PatVisit	96	VisitAuxData19	nvarchar	100	0	0	1	0	NULL
dbo	PatVisit	97	VisitAuxData20	nvarchar	100	0	0	1	0	NULL
dbo	PatVisit	98	PatVisitGUID	uniqueidentifier	16	0	0	0	0	(newid())
dbo	PatVisit	99	ReportFileName	nvarchar	-1	0	0	1	0	NULL
dbo	PatVisit	100	OrderID	nvarchar	40	0	0	1	0	NULL
dbo	PatVisit	101	FOTTest	bit	1	1	0	0	0	(0)
dbo	PatVisit	102	StrapRawTest	bit	1	1	0	0	0	(0)
dbo	PatVisit	103	StrapTGVTest	bit	1	1	0	0	0	(0)
dbo	PatVisit	104	PreFVLATSCodes	nvarchar	20	0	0	1	0	NULL
dbo	PatVisit	105	PreDLCOATSCodes	nvarchar	20	0	0	1	0	NULL
dbo	PatVisit	106	PrePlethATSCodes	nvarchar	20	0	0	1	0	NULL
dbo	PatVisit	107	PreFRCATSCodes	nvarchar	20	0	0	1	0	NULL
dbo	PatVisit	108	PostFVLATSCodes	nvarchar	20	0	0	1	0	NULL
dbo	PatVisit	109	PostDLCOATSCodes	nvarchar	20	0	0	1	0	NULL
dbo	PatVisit	110	PostPlethATSCodes	nvarchar	20	0	0	1	0	NULL
dbo	PatVisit	111	PostFRCATSCodes	nvarchar	20	0	0	1	0	NULL
dbo	PatVisit	112	ExportPendingHIS	bit	1	1	0	0	0	(0)
dbo	PatVisit	115	ExportPendingPDF	bit	1	1	0	0	0	(0)
dbo	PatVisit	116	ExportPendingHISThisSession	bit	1	1	0	0	0	(0)
dbo	PatVisit	119	ExportPendingPDFThisSession	bit	1	1	0	0	0	(0)
dbo	PatVisit	120	ExportPendingDate	datetime	8	23	3	1	0	NULL
dbo	PatVisit	121	PredSetName	nvarchar	100	0	0	1	0	NULL
dbo	PatVisit	122	GXPredSetName	nvarchar	100	0	0	1	0	NULL
dbo	PatVisit	123	ECGTest	bit	1	1	0	0	0	(0)
dbo	PatVisit	124	Vendor	nvarchar	100	0	0	1	0	NULL
dbo	PatVisit	125	DLCOObservedPred	bit	1	1	0	0	0	(0)
dbo	PatVisit	126	PlethObservedPred	bit	1	1	0	0	0	(0)
dbo	PatVisit	127	ExportPendingText	bit	1	1	0	0	0	(0)
dbo	PatVisit	128	ExportPendingTextThisSession	bit	1	1	0	0	0	(0)
dbo	PatVisit	129	TextReportFileName	nvarchar	-1	0	0	1	0	NULL
dbo	PatVisit	130	ExportPendingTextID	smallint	2	5	0	0	0	((-1))
dbo	PatVisit	131	PEFTest	bit	1	1	0	0	0	(0)
dbo	PatVisit	132	PEFComplianceRate	float	8	53	0	0	0	(0)
dbo	PatVisit	133	PEFDayToDayVariability	float	8	53	0	0	0	(0)
dbo	PatVisit	134	PEFTotalDays	int	4	10	0	0	0	(0)
dbo	PatVisit	135	PEFDaysMissed	int	4	10	0	0	0	(0)
dbo	PatVisit	136	SupportsDLCORT	bit	1	1	0	0	0	(0)
dbo	PatVisit	137	WebHIS	bit	1	1	0	0	0	((0))
dbo	PatVisit	138	WebPDF	bit	1	1	0	0	0	((0))
dbo	PatVisit	139	WebText	bit	1	1	0	0	0	((0))
dbo	PatVisit	140	WebPDFReportName	nvarchar	120	0	0	1	0	NULL
dbo	PatVisit	141	WebTextReportID	smallint	2	5	0	0	0	((-1))
dbo	PatVisit	142	WebRequestDate	datetime	8	23	3	1	0	NULL
dbo	PatVisit	143	ExportPendingPDFReportName	nvarchar	120	0	0	1	0	NULL
dbo	PatVisit	144	PendingWorkstationGUID	uniqueidentifier	16	0	0	1	0	NULL
dbo	PatVisit	145	PrePDFReportName	nvarchar	-1	0	0	1	0	NULL
dbo	PatVisit	146	PreTextReportName	nvarchar	-1	0	0	1	0	NULL
dbo	PatVisit	147	P100PFxTest	bit	1	1	0	0	0	((0))
dbo	PatVisit	148	ExportPendingCOW	bit	1	1	0	0	0	((0))
dbo	PatVisit	149	ExportPendingCOWThisSession	bit	1	1	0	0	0	((0))
dbo	PatVisit	150	Orders	nvarchar	-1	0	0	1	0	NULL
dbo	PatVisit	151	OrderVisitIDs	nvarchar	-1	0	0	1	0	NULL
dbo	PatVisit	152	CCMFaceTentTest	bit	1	1	0	0	0	((0))
dbo	PatVisit	153	ReviewPendingExport	bit	1	1	0	0	0	((0))
dbo	PatVisit	154	ExportPendingHISDirectory	nvarchar	-1	0	0	1	0	NULL
dbo	PatVisit	155	ExportPendingPDFDirectory	nvarchar	-1	0	0	1	0	NULL
dbo	PatVisit	156	ExportPendingTextDirectory	nvarchar	-1	0	0	1	0	NULL
dbo	PatVisit	157	ExportPendingCOWDirectory	nvarchar	-1	0	0	1	0	NULL
dbo	PatVisit	158	PendingStaffGUID	uniqueidentifier	16	0	0	1	0	NULL
dbo	PatVisit	159	VisitAuxData21	nvarchar	100	0	0	1	0	NULL
dbo	PatVisit	160	VisitAuxData22	nvarchar	100	0	0	1	0	NULL
dbo	PatVisit	161	VisitAuxData23	nvarchar	100	0	0	1	0	NULL
dbo	PatVisit	162	VisitAuxData24	nvarchar	100	0	0	1	0	NULL
dbo	PatVisit	163	VisitAuxData25	nvarchar	100	0	0	1	0	NULL
dbo	PatVisit	164	VisitAuxData26	nvarchar	100	0	0	1	0	NULL
dbo	PatVisit	165	VisitAuxData27	nvarchar	100	0	0	1	0	NULL
dbo	PatVisit	166	VisitAuxData28	nvarchar	100	0	0	1	0	NULL
dbo	PatVisit	167	VisitAuxData29	nvarchar	100	0	0	1	0	NULL
dbo	PatVisit	168	VisitAuxData30	nvarchar	100	0	0	1	0	NULL
dbo	PatVisit	169	VisitAuxData31	nvarchar	100	0	0	1	0	NULL
dbo	PatVisit	170	VisitAuxData32	nvarchar	100	0	0	1	0	NULL
dbo	PatVisit	171	VisitAuxData33	nvarchar	100	0	0	1	0	NULL
dbo	PatVisit	172	VisitAuxData34	nvarchar	100	0	0	1	0	NULL
dbo	PatVisit	173	VisitAuxData35	nvarchar	100	0	0	1	0	NULL
dbo	PatVisit	174	VisitAuxData36	nvarchar	100	0	0	1	0	NULL
dbo	PatVisit	175	VisitAuxData37	nvarchar	100	0	0	1	0	NULL
dbo	PatVisit	176	VisitAuxData38	nvarchar	100	0	0	1	0	NULL
dbo	PatVisit	177	VisitAuxData39	nvarchar	100	0	0	1	0	NULL
dbo	PatVisit	178	VisitAuxData40	nvarchar	100	0	0	1	0	NULL
dbo	PatVisit	179	VisitAuxData41	nvarchar	100	0	0	1	0	NULL
dbo	PatVisit	180	VisitAuxData42	nvarchar	100	0	0	1	0	NULL
dbo	PatVisit	181	VisitAuxData43	nvarchar	100	0	0	1	0	NULL
dbo	PatVisit	182	VisitAuxData44	nvarchar	100	0	0	1	0	NULL
dbo	PatVisit	183	VisitAuxData45	nvarchar	100	0	0	1	0	NULL
dbo	PatVisit	184	VisitAuxData46	nvarchar	100	0	0	1	0	NULL
dbo	PatVisit	185	VisitAuxData47	nvarchar	100	0	0	1	0	NULL
dbo	PatVisit	186	VisitAuxData48	nvarchar	100	0	0	1	0	NULL
dbo	PatVisit	187	VisitAuxData49	nvarchar	100	0	0	1	0	NULL
dbo	PatVisit	188	VisitAuxData50	nvarchar	100	0	0	1	0	NULL
dbo	PatVisit	189	VisitAuxData51	nvarchar	100	0	0	1	0	NULL
dbo	PatVisit	190	VisitAuxData52	nvarchar	100	0	0	1	0	NULL
dbo	PatVisit	191	VisitAuxData53	nvarchar	100	0	0	1	0	NULL
dbo	PatVisit	192	VisitAuxData54	nvarchar	100	0	0	1	0	NULL
dbo	PatVisit	193	VisitAuxData55	nvarchar	100	0	0	1	0	NULL
dbo	PatVisit	194	VisitAuxData56	nvarchar	100	0	0	1	0	NULL
dbo	PatVisit	195	VisitAuxData57	nvarchar	100	0	0	1	0	NULL
dbo	PatVisit	196	VisitAuxData58	nvarchar	100	0	0	1	0	NULL
dbo	PatVisit	197	VisitAuxData59	nvarchar	100	0	0	1	0	NULL
dbo	PatVisit	198	VisitAuxData60	nvarchar	100	0	0	1	0	NULL
dbo	PatVisit	199	VisitAuxData61	nvarchar	100	0	0	1	0	NULL
dbo	PatVisit	200	VisitAuxData62	nvarchar	100	0	0	1	0	NULL
dbo	PatVisit	201	VisitAuxData63	nvarchar	100	0	0	1	0	NULL
dbo	PatVisit	202	VisitAuxData64	nvarchar	100	0	0	1	0	NULL
dbo	PatVisit	203	VisitAuxData65	nvarchar	100	0	0	1	0	NULL
dbo	PatVisit	204	VisitAuxData66	nvarchar	100	0	0	1	0	NULL
dbo	PatVisit	205	VisitAuxData67	nvarchar	100	0	0	1	0	NULL
dbo	PatVisit	206	VisitAuxData68	nvarchar	100	0	0	1	0	NULL
dbo	PatVisit	207	VisitAuxData69	nvarchar	100	0	0	1	0	NULL
dbo	PatVisit	208	VisitAuxData70	nvarchar	100	0	0	1	0	NULL
dbo	PatVisit	209	VisitAuxData71	nvarchar	100	0	0	1	0	NULL
dbo	PatVisit	210	VisitAuxData72	nvarchar	100	0	0	1	0	NULL
dbo	PatVisit	211	VisitAuxData73	nvarchar	100	0	0	1	0	NULL
dbo	PatVisit	212	VisitAuxData74	nvarchar	100	0	0	1	0	NULL
dbo	PatVisit	213	VisitAuxData75	nvarchar	100	0	0	1	0	NULL
dbo	PatVisit	214	VisitAuxData76	nvarchar	100	0	0	1	0	NULL
dbo	PatVisit	215	VisitAuxData77	nvarchar	100	0	0	1	0	NULL
dbo	PatVisit	216	VisitAuxData78	nvarchar	100	0	0	1	0	NULL
dbo	PatVisit	217	VisitAuxData79	nvarchar	100	0	0	1	0	NULL
dbo	PatVisit	218	VisitAuxData80	nvarchar	100	0	0	1	0	NULL
dbo	PatVisit	219	VisitAuxData81	nvarchar	100	0	0	1	0	NULL
dbo	PatVisit	220	VisitAuxData82	nvarchar	100	0	0	1	0	NULL
dbo	PatVisit	221	VisitAuxData83	nvarchar	100	0	0	1	0	NULL
dbo	PatVisit	222	VisitAuxData84	nvarchar	100	0	0	1	0	NULL
dbo	PatVisit	223	VisitAuxData85	nvarchar	100	0	0	1	0	NULL
dbo	PatVisit	224	VisitAuxData86	nvarchar	100	0	0	1	0	NULL
dbo	PatVisit	225	VisitAuxData87	nvarchar	100	0	0	1	0	NULL
dbo	PatVisit	226	VisitAuxData88	nvarchar	100	0	0	1	0	NULL
dbo	PatVisit	227	VisitAuxData89	nvarchar	100	0	0	1	0	NULL
dbo	PatVisit	228	VisitAuxData90	nvarchar	100	0	0	1	0	NULL
dbo	PatVisit	229	VisitAuxData91	nvarchar	100	0	0	1	0	NULL
dbo	PatVisit	230	VisitAuxData92	nvarchar	100	0	0	1	0	NULL
dbo	PatVisit	231	VisitAuxData93	nvarchar	100	0	0	1	0	NULL
dbo	PatVisit	232	VisitAuxData94	nvarchar	100	0	0	1	0	NULL
dbo	PatVisit	233	VisitAuxData95	nvarchar	100	0	0	1	0	NULL
dbo	PatVisit	234	VisitAuxData96	nvarchar	100	0	0	1	0	NULL
dbo	PatVisit	235	VisitAuxData97	nvarchar	100	0	0	1	0	NULL
dbo	PatVisit	236	VisitAuxData98	nvarchar	100	0	0	1	0	NULL
dbo	PatVisit	237	VisitAuxData99	nvarchar	100	0	0	1	0	NULL
dbo	PatVisit	238	VisitAuxData100	nvarchar	100	0	0	1	0	NULL
dbo	PatVisit	239	OrderProcedures	nvarchar	-1	0	0	1	0	NULL
dbo	PatVisit	240	OrderModifiers	nvarchar	-1	0	0	1	0	NULL
dbo	PatVisit	241	OrderCharges	nvarchar	-1	0	0	1	0	NULL
dbo	PatVisit	242	PreDLCOATSGrades	nvarchar	20	0	0	1	0	NULL
dbo	PatVisit	243	PostDLCOATSGrades	nvarchar	20	0	0	1	0	NULL
dbo	PatVisit	244	RefreshOrdersRequest	bit	1	1	0	0	0	((0))
dbo	PatVisit	245	SigningPhysicianGUID	uniqueidentifier	16	0	0	1	0	NULL
dbo	PatVisit	246	Signed	bit	1	1	0	0	0	((0))
dbo	PatVisit	247	SignedDateTime	datetime	8	23	3	1	0	NULL
dbo	PatVisit	248	BillingsApproved	bit	1	1	0	0	0	((0))
dbo	PatVisit	249	BillingsApprovedDateTime	datetime	8	23	3	1	0	NULL
dbo	PatVisit	250	IdealBodyWeight	real	4	24	0	0	0	((0))
dbo	PatVisit	251	SixMinuteWalkTest	bit	1	1	0	0	0	((0))
dbo	PatVisit	252	PreFVLATSGrades	nvarchar	20	0	0	1	0	NULL
dbo	PatVisit	253	PostFVLATSGrades	nvarchar	20	0	0	1	0	NULL
dbo	PatVisit	254	ExportPendingCVS	bit	1	1	0	0	0	((0))
dbo	PatVisit	255	ExportPendingCVSThisSession	bit	1	1	0	0	0	((0))
dbo	PatVisit	256	ExportPendingCVSDirectory	nvarchar	-1	0	0	1	0	NULL
dbo	PFProtocol	1	PFProtocolName	nvarchar	60	0	0	0	0	NULL
dbo	PFProtocol	2	ChallengeAgentID	tinyint	1	3	0	0	0	(1)
dbo	PFProtocol	3	PFProtocolIsDefault	bit	1	1	0	0	0	(0)
dbo	PFProtocol	4	PFProtocolGUID	uniqueidentifier	16	0	0	0	0	NULL
dbo	PFProtocol	5	PFProtocolDeleted	bit	1	1	0	0	0	(0)
dbo	PFProtocol	6	StudyGUID	uniqueidentifier	16	0	0	1	0	NULL
dbo	PFProtocol	7	UsePDLevel1	bit	1	1	0	0	0	((1))
dbo	PFProtocolStage	1	PFProtocolStageID	int	4	10	0	0	1	NULL
dbo	PFProtocolStage	2	PFProtocolStageLabel	nvarchar	30	0	0	0	0	NULL
dbo	PFProtocolStage	4	PFProtocolStageConcentration	float	8	53	0	0	0	(0)
dbo	PFProtocolStage	5	PFProtocolStageIndex	tinyint	1	3	0	0	0	(0)
dbo	PFProtocolStage	6	PFProtocolStageComment	nvarchar	120	0	0	1	0	NULL
dbo	PFProtocolStage	7	PFProtocolGUID	uniqueidentifier	16	0	0	0	0	NULL
dbo	PFProtocolStage	8	PFProtocolStageDeliveredDose	float	8	53	0	0	0	((0))
dbo	PlethData	1	PlethDataID	int	4	10	0	0	1	NULL
dbo	PlethData	2	PatVisitID	int	4	10	0	0	0	(0)
dbo	PlethData	3	EffortTypeID	tinyint	1	3	0	0	0	(0)
dbo	PlethData	4	EffortTime	datetime	8	23	3	0	0	NULL
dbo	PlethData	5	EffortCDUs	float	8	53	0	0	0	(0)
dbo	PlethData	6	EffortArtificial	bit	1	1	0	0	0	(0)
dbo	PlethData	7	EffortManual	bit	1	1	0	0	0	(0)
dbo	PlethData	8	PlethRAWSelected	bit	1	1	0	0	0	(0)
dbo	PlethData	9	PlethTGVSelected	bit	1	1	0	0	0	(0)
dbo	PlethData	10	TGVPleth	float	8	53	0	0	0	(0)
dbo	PlethData	11	RVPleth	float	8	53	0	0	0	(0)
dbo	PlethData	12	TLCPleth	float	8	53	0	0	0	(0)
dbo	PlethData	13	RVTLCPl	float	8	53	0	0	0	(0)
dbo	PlethData	14	TrappGas	float	8	53	0	0	0	(0)
dbo	PlethData	15	VPant	float	8	53	0	0	0	(0)
dbo	PlethData	16	Raw	float	8	53	0	0	0	(0)
dbo	PlethData	17	Gaw	float	8	53	0	0	0	(0)
dbo	PlethData	18	sGaw	float	8	53	0	0	0	(0)
dbo	PlethData	19	sRaw	float	8	53	0	0	0	(0)
dbo	PlethData	20	RawInspiratory	float	8	53	0	0	0	(0)
dbo	PlethData	21	RawExpiratory	float	8	53	0	0	0	(0)
dbo	PlethData	22	VPantFreq	float	8	53	0	0	0	(0)
dbo	PlethData	23	PlethSourceType	tinyint	1	3	0	0	0	(0)
dbo	PlethData	24	PlethClosedSourceData	varbinary	-1	0	0	1	0	NULL
dbo	PlethData	25	PlethOpenSourceData	varbinary	-1	0	0	1	0	NULL
dbo	PlethData	26	EffortRpLp	bit	1	1	0	0	0	(0)
dbo	PlethData	27	PlethOpenSlope	float	8	53	0	0	0	(0)
dbo	PlethData	28	PlethOpenOffset	float	8	53	0	0	0	(0)
dbo	PlethData	29	PlethClosedSlope	float	8	53	0	0	0	(0)
dbo	PlethData	30	PlethClosedOffset	float	8	53	0	0	0	(0)
dbo	PlethData	31	PlethOpenISlope	float	8	53	0	0	0	(0)
dbo	PlethData	32	PlethOpenIOffset	float	8	53	0	0	0	(0)
dbo	PlethData	33	PlethOpenESlope	float	8	53	0	0	0	(0)
dbo	PlethData	34	PlethOpenEOffset	float	8	53	0	0	0	(0)
dbo	PlethData	35	PlethAutoOpenSlope	float	8	53	0	0	0	(0)
dbo	PlethData	36	PlethAutoOpenOffset	float	8	53	0	0	0	(0)
dbo	PlethData	37	PlethAutoClosedSlope	float	8	53	0	0	0	(0)
dbo	PlethData	38	PlethAutoClosedOffset	float	8	53	0	0	0	(0)
dbo	PlethData	39	PlethAutoOpenISlope	float	8	53	0	0	0	(0)
dbo	PlethData	40	PlethAutoOpenIOffset	float	8	53	0	0	0	(0)
dbo	PlethData	41	PlethAutoOpenESlope	float	8	53	0	0	0	(0)
dbo	PlethData	42	PlethAutoOpenEOffset	float	8	53	0	0	0	(0)
dbo	PlethData	43	SwitchInError	float	8	53	0	0	0	(0)
dbo	PlethData	44	PlethATSCodes	nvarchar	20	0	0	1	0	NULL
dbo	PlethData	45	PlethSVCSourceData	varbinary	-1	0	0	1	0	NULL
dbo	PlethData	46	PFProtocolStageIndex	tinyint	1	3	0	0	0	(0)
dbo	PlethData	47	ExternalResistance	float	8	53	0	0	0	(0)
dbo	PlethData	48	BoxVolume	float	8	53	0	0	0	(0)
dbo	PlethData	49	ICTLCPleth	float	8	53	0	0	0	(0)
dbo	PredAuthor	1	PredAuthorGUID	uniqueidentifier	16	0	0	0	0	NULL
dbo	PredAuthor	2	PredAuthorName	nvarchar	60	0	0	0	0	NULL
dbo	PredAuthor	3	IgnoreRace	bit	1	1	0	0	0	(1)
dbo	PredAuthor	4	UnitsAreSI	bit	1	1	0	0	0	(1)
dbo	PredAuthor	5	Locked	bit	1	1	0	0	0	(0)
dbo	PredOptions	1	PredOptionsID	int	4	10	0	0	1	NULL
dbo	PredOptions	2	PredSetGUID	uniqueidentifier	16	0	0	0	0	NULL
dbo	PredOptions	3	PediatricAgeLower	smallint	2	5	0	0	0	(0)
dbo	PredOptions	4	PediatricAgeUpper	smallint	2	5	0	0	0	(12)
dbo	PredOptions	5	AdolescentAgeLower	smallint	2	5	0	0	0	(13)
dbo	PredOptions	6	AdolescentAgeUpper	smallint	2	5	0	0	0	(16)
dbo	PredOptions	7	AdultAgeLower	smallint	2	5	0	0	0	(17)
dbo	PredOptions	8	AdultAgeUpper	smallint	2	5	0	0	0	(99)
dbo	PredOptions	9	ForceSVCFVCSame	bit	1	1	0	0	0	(1)
dbo	PredSelectedAuthors	1	ParamsDefID	smallint	2	5	0	0	0	NULL
dbo	PredSelectedAuthors	2	MalePediatricGUID	uniqueidentifier	16	0	0	1	0	NULL
dbo	PredSelectedAuthors	3	MaleAdolescentGUID	uniqueidentifier	16	0	0	1	0	NULL
dbo	PredSelectedAuthors	4	MaleAdultGUID	uniqueidentifier	16	0	0	1	0	NULL
dbo	PredSelectedAuthors	5	FemalePediatricGUID	uniqueidentifier	16	0	0	1	0	NULL
dbo	PredSelectedAuthors	6	FemaleAdolescentGUID	uniqueidentifier	16	0	0	1	0	NULL
dbo	PredSelectedAuthors	7	FemaleAdultGUID	uniqueidentifier	16	0	0	1	0	NULL
dbo	PredSelectedAuthors	8	PredSelectedAuthorsID	int	4	10	0	0	1	NULL
dbo	PredSelectedAuthors	9	PredSetGUID	uniqueidentifier	16	0	0	0	0	(newid())
dbo	PredSet	1	PredSetGUID	uniqueidentifier	16	0	0	0	0	(newid())
dbo	PredSet	2	PredSetName	nvarchar	100	0	0	0	0	NULL
dbo	PredSet	3	Disabled	bit	1	1	0	0	0	(0)
dbo	PredVariable	1	PredVariableID	int	4	10	0	0	1	NULL
dbo	PredVariable	2	ParamsDefID	smallint	2	5	0	0	0	NULL
dbo	PredVariable	3	PredVariableType	tinyint	1	3	0	0	0	(0)
dbo	PredVariable	4	PredAuthorGUID	uniqueidentifier	16	0	0	0	0	NULL
dbo	PredVariable	5	CaucasianMalePediatric	nvarchar	2000	0	0	1	0	NULL
dbo	PredVariable	6	CaucasianMaleAdolescent	nvarchar	2000	0	0	1	0	NULL
dbo	PredVariable	7	CaucasianMaleAdult	nvarchar	2000	0	0	1	0	NULL
dbo	PredVariable	8	CaucasianFemalePediatric	nvarchar	2000	0	0	1	0	NULL
dbo	PredVariable	9	CaucasianFemaleAdolescent	nvarchar	2000	0	0	1	0	NULL
dbo	PredVariable	10	CaucasianFemaleAdult	nvarchar	2000	0	0	1	0	NULL
dbo	PredVariable	11	BlackMalePediatric	nvarchar	2000	0	0	1	0	NULL
dbo	PredVariable	12	BlackMaleAdolescent	nvarchar	2000	0	0	1	0	NULL
dbo	PredVariable	13	BlackMaleAdult	nvarchar	2000	0	0	1	0	NULL
dbo	PredVariable	14	BlackFemalePediatric	nvarchar	2000	0	0	1	0	NULL
dbo	PredVariable	15	BlackFemaleAdolescent	nvarchar	2000	0	0	1	0	NULL
dbo	PredVariable	16	BlackFemaleAdult	nvarchar	2000	0	0	1	0	NULL
dbo	PredVariable	17	HispanicMalePediatric	nvarchar	2000	0	0	1	0	NULL
dbo	PredVariable	18	HispanicMaleAdolescent	nvarchar	2000	0	0	1	0	NULL
dbo	PredVariable	19	HispanicMaleAdult	nvarchar	2000	0	0	1	0	NULL
dbo	PredVariable	20	HispanicFemalePediatric	nvarchar	2000	0	0	1	0	NULL
dbo	PredVariable	21	HispanicFemaleAdolescent	nvarchar	2000	0	0	1	0	NULL
dbo	PredVariable	22	HispanicFemaleAdult	nvarchar	2000	0	0	1	0	NULL
dbo	PredVariable	23	AsianMalePediatric	nvarchar	2000	0	0	1	0	NULL
dbo	PredVariable	24	AsianMaleAdolescent	nvarchar	2000	0	0	1	0	NULL
dbo	PredVariable	25	AsianMaleAdult	nvarchar	2000	0	0	1	0	NULL
dbo	PredVariable	26	AsianFemalePediatric	nvarchar	2000	0	0	1	0	NULL
dbo	PredVariable	27	AsianFemaleAdolescent	nvarchar	2000	0	0	1	0	NULL
dbo	PredVariable	28	AsianFemaleAdult	nvarchar	2000	0	0	1	0	NULL
dbo	RaceCorrection	1	ParamsDefID	smallint	2	5	0	0	0	NULL
dbo	RaceCorrection	2	Caucasian	float	8	53	0	0	0	(0)
dbo	RaceCorrection	3	Black	float	8	53	0	0	0	(0)
dbo	RaceCorrection	4	Hispanic	float	8	53	0	0	0	(0)
dbo	RaceCorrection	5	Asian	float	8	53	0	0	0	(0)
dbo	RaceCorrection	6	RaceCorrectionID	int	4	10	0	0	1	NULL
dbo	RaceCorrection	7	PredSetGUID	uniqueidentifier	16	0	0	0	0	(newid())
dbo	ReviewStatus	1	ReviewStatusID	tinyint	1	3	0	0	0	(1)
dbo	ReviewStatus	2	ReviewStatusDesc	nvarchar	60	0	0	0	0	NULL
dbo	SBN2Data	1	SBN2DataID	int	4	10	0	0	1	NULL
dbo	SBN2Data	2	PatVisitID	int	4	10	0	0	0	(0)
dbo	SBN2Data	3	EffortTypeID	tinyint	1	3	0	0	0	(0)
dbo	SBN2Data	4	EffortTime	datetime	8	23	3	0	0	NULL
dbo	SBN2Data	5	EffortCDUs	float	8	53	0	0	0	(0)
dbo	SBN2Data	6	EffortArtificial	bit	1	1	0	0	0	(0)
dbo	SBN2Data	7	EffortManual	bit	1	1	0	0	0	(0)
dbo	SBN2Data	8	EffortSelected	bit	1	1	0	0	0	(0)
dbo	SBN2Data	9	CV	float	8	53	0	0	0	(0)
dbo	SBN2Data	10	CC	float	8	53	0	0	0	(0)
dbo	SBN2Data	11	DPhase3	float	8	53	0	0	0	(0)
dbo	SBN2Data	12	CVVC	float	8	53	0	0	0	(0)
dbo	SBN2Data	13	CCTLC	float	8	53	0	0	0	(0)
dbo	SBN2Data	14	CCFRC	float	8	53	0	0	0	(0)
dbo	SBN2Data	15	N27501250	float	8	53	0	0	0	(0)
dbo	SBN2Data	16	VDanSBN2	float	8	53	0	0	0	(0)
dbo	SBN2Data	17	TLCSBN2	float	8	53	0	0	0	(0)
dbo	SBN2Data	18	SVCSBN2	float	8	53	0	0	0	(0)
dbo	SBN2Data	19	SBN2SourceData	varbinary	-1	0	0	1	0	NULL
dbo	SBN2Data	20	EffortRpLp	bit	1	1	0	0	0	(0)
dbo	SBN2Data	21	PFProtocolStageIndex	tinyint	1	3	0	0	0	(0)
dbo	SBN2Data	22	ICSBN2	float	8	53	0	0	0	(0)
dbo	SBN2Data	23	SBN2SVCSourceData	varbinary	-1	0	0	1	0	NULL
dbo	SBN2Data	24	ExternalDeadspace	float	8	53	0	0	0	(0)
dbo	Site	1	SiteName	nvarchar	160	0	0	0	0	NULL
dbo	Site	2	SiteDivision	nvarchar	160	0	0	1	0	NULL
dbo	Site	3	SiteAddress	nvarchar	60	0	0	1	0	NULL
dbo	Site	4	SiteCity	nvarchar	60	0	0	1	0	NULL
dbo	Site	5	SiteState	nvarchar	8	0	0	1	0	NULL
dbo	Site	6	SiteZipCode	nvarchar	20	0	0	1	0	NULL
dbo	Site	7	SiteCountry	nvarchar	60	0	0	1	0	NULL
dbo	Site	8	SiteTelephone1	nvarchar	28	0	0	1	0	NULL
dbo	Site	9	SiteTelephone2	nvarchar	28	0	0	1	0	NULL
dbo	Site	10	SiteFax	nvarchar	28	0	0	1	0	NULL
dbo	Site	11	SiteEMail	nvarchar	60	0	0	1	0	NULL
dbo	Site	12	SiteGUID	uniqueidentifier	16	0	0	0	0	NULL
dbo	Site	13	CCOWUserSuffix	nvarchar	160	0	0	1	0	NULL
dbo	Site	14	CCOWPatientSuffix	nvarchar	160	0	0	1	0	NULL
dbo	Site	15	CCOWEncounterSuffix	nvarchar	160	0	0	1	0	NULL
dbo	SixMinuteWalkData	1	SixMinuteWalkDataID	int	4	10	0	0	1	NULL
dbo	SixMinuteWalkData	2	PatVisitID	int	4	10	0	0	0	((0))
dbo	SixMinuteWalkData	3	EffortTypeID	tinyint	1	3	0	0	0	((0))
dbo	SixMinuteWalkData	4	EffortTime	datetime	8	23	3	0	0	NULL
dbo	SixMinuteWalkData	5	EffortCDUs	float	8	53	0	0	0	((0))
dbo	SixMinuteWalkData	6	EffortArtificial	bit	1	1	0	0	0	((0))
dbo	SixMinuteWalkData	7	EffortManual	bit	1	1	0	0	0	((0))
dbo	SixMinuteWalkData	8	EffortSelected	bit	1	1	0	0	0	((0))
dbo	SixMinuteWalkData	9	EffortRpLp	bit	1	1	0	0	0	((0))
dbo	SixMinuteWalkData	10	PFProtocolStageIndex	tinyint	1	3	0	0	0	((0))
dbo	SixMinuteWalkData	11	DistanceWalked	float	8	53	0	0	0	((0))
dbo	SixMinuteWalkData	12	SpO2	float	8	53	0	0	0	((0))
dbo	SixMinuteWalkData	13	HR	float	8	53	0	0	0	((0))
dbo	SixMinuteWalkData	14	PausedTime	float	8	53	0	0	0	((0))
dbo	SixMinuteWalkData	15	NumberofPauses	float	8	53	0	0	0	((0))
dbo	SixMinuteWalkData	16	StartExerciseTime	smallint	2	5	0	0	0	((0))
dbo	SixMinuteWalkData	17	StartRecoveryTime	smallint	2	5	0	0	0	((0))
dbo	SixMinuteWalkData	18	ExerciseTimeInMin	smallint	2	5	0	0	0	((0))
dbo	SixMinuteWalkData	19	SourceData	varbinary	-1	0	0	1	0	NULL
dbo	SixMinuteWalkData	20	ManuallyEnteredData	varbinary	-1	0	0	1	0	NULL
dbo	Staff	1	StaffGUID	uniqueidentifier	16	0	0	0	0	NULL
dbo	Staff	2	StaffIDNum	nvarchar	40	0	0	0	0	NULL
dbo	Staff	3	StaffLastName	nvarchar	60	0	0	0	0	NULL
dbo	Staff	4	StaffFirstName	nvarchar	40	0	0	1	0	NULL
dbo	Staff	5	StaffLogin	nvarchar	40	0	0	1	0	NULL
dbo	Staff	6	StaffPassword	varbinary	-1	0	0	1	0	NULL
dbo	Staff	7	StaffDeleted	bit	1	1	0	0	0	(0)
dbo	Staff	8	Type	tinyint	1	3	0	0	0	(0)
dbo	Staff	9	RoleGUID	uniqueidentifier	16	0	0	1	0	NULL
dbo	Staff	13	ReviewStationConfig	varbinary	-1	0	0	1	0	NULL
dbo	Staff	14	StaffESActive	bit	1	1	0	0	0	(0)
dbo	Staff	15	StaffProxy	varbinary	-1	0	0	1	0	NULL
dbo	Staff	16	PFInterpTypeID	tinyint	1	3	0	0	0	(0)
dbo	Staff	17	EXInterpTypeID	tinyint	1	3	0	0	0	(0)
dbo	Staff	18	PFCustomConsultGUID	uniqueidentifier	16	0	0	1	0	NULL
dbo	Staff	19	EXCustomConsultGUID	uniqueidentifier	16	0	0	1	0	NULL
dbo	Staff	20	PFStandardConsultGUID	uniqueidentifier	16	0	0	1	0	NULL
dbo	Staff	21	EXStandardConsultGUID	uniqueidentifier	16	0	0	1	0	NULL
dbo	Staff	22	NBGStandardConsultGUID	uniqueidentifier	16	0	0	1	0	NULL
dbo	Staff	23	StaffProfileName	nvarchar	60	0	0	1	0	NULL
dbo	Staff	24	ReviewOnly	bit	1	1	0	0	0	(0)
dbo	Staff	25	UseFilters	bit	1	1	0	0	0	(0)
dbo	Staff	26	CanOverrideFilter	bit	1	1	0	0	0	(1)
dbo	Staff	27	PhysicianTypeFilter	smallint	2	5	0	0	0	(0)
dbo	Staff	28	PhysicianGUIDFilter	uniqueidentifier	16	0	0	1	0	NULL
dbo	Staff	29	TechnicianGUIDFilter	uniqueidentifier	16	0	0	1	0	NULL
dbo	Staff	30	SiteGUIDFilter	uniqueidentifier	16	0	0	1	0	NULL
dbo	Staff	31	ReviewStatusFilter	smallint	2	5	0	0	0	(0)
dbo	Staff	32	IsUser	bit	1	1	0	0	0	((1))
dbo	Staff	33	PasswordLocked	bit	1	1	0	0	0	((0))
dbo	Staff	34	FirstTimePassword	bit	1	1	0	0	0	((0))
dbo	Staff	35	IsEmergency	bit	1	1	0	0	0	((0))
dbo	Staff	36	EmergencyCount	int	4	10	0	0	0	((0))
dbo	Staff	37	PasswordDate	datetime	8	23	3	1	0	NULL
dbo	Staff	38	StaffExpirationDate	datetime	8	23	3	1	0	NULL
dbo	Staff	39	IncludeNoVisitFilter	bit	1	1	0	0	0	((0))
dbo	Staff	40	ExcludeSyringePatientsFilter	bit	1	1	0	0	0	((0))
dbo	Staff	41	ExcludeBiologicPatientsFilter	bit	1	1	0	0	0	((0))
dbo	Staff	42	UseOrderFilters	bit	1	1	0	0	0	((0))
dbo	Staff	43	NewOrdersFilter	bit	1	1	0	0	0	((0))
dbo	Staff	44	AssignedOrdersFilter	bit	1	1	0	0	0	((0))
dbo	Staff	45	CompletedOrdersFilter	bit	1	1	0	0	0	((0))
dbo	Staff	46	CanceledOrdersFilter	bit	1	1	0	0	0	((0))
dbo	StaticData	1	StaticDataID	int	4	10	0	0	1	NULL
dbo	StaticData	2	PatVisitID	int	4	10	0	0	0	(0)
dbo	StaticData	3	EffortTypeID	tinyint	1	3	0	0	0	(0)
dbo	StaticData	4	EffortTime	datetime	8	23	3	0	0	NULL
dbo	StaticData	5	EffortCDUs	float	8	53	0	0	0	(0)
dbo	StaticData	6	EffortArtificial	bit	1	1	0	0	0	(0)
dbo	StaticData	7	EffortManual	bit	1	1	0	0	0	(0)
dbo	StaticData	11	PtpMax	float	8	53	0	0	0	(0)
dbo	StaticData	12	PtpMaxVol	float	8	53	0	0	0	(0)
dbo	StaticData	13	Ptp90TLC	float	8	53	0	0	0	(0)
dbo	StaticData	14	Ptp80TLC	float	8	53	0	0	0	(0)
dbo	StaticData	15	Ptp70TLC	float	8	53	0	0	0	(0)
dbo	StaticData	16	Ptp60TLC	float	8	53	0	0	0	(0)
dbo	StaticData	17	Ptp50TLC	float	8	53	0	0	0	(0)
dbo	StaticData	18	Ptp40TLC	float	8	53	0	0	0	(0)
dbo	StaticData	19	Ptp30TLC	float	8	53	0	0	0	(0)
dbo	StaticData	20	Ptp20TLC	float	8	53	0	0	0	(0)
dbo	StaticData	21	PtpFRC	float	8	53	0	0	0	(0)
dbo	StaticData	22	TLCSt	float	8	53	0	0	0	(0)
dbo	StaticData	23	CoEffRetr	float	8	53	0	0	0	(0)
dbo	StaticData	24	CstI	float	8	53	0	0	0	(0)
dbo	StaticData	25	CstE	float	8	53	0	0	0	(0)
dbo	StaticData	26	SpCstI	float	8	53	0	0	0	(0)
dbo	StaticData	27	SpCstE	float	8	53	0	0	0	(0)
dbo	StaticData	33	StaticSourceData	varbinary	-1	0	0	1	0	NULL
dbo	StaticData	34	PFProtocolStageIndex	tinyint	1	3	0	0	0	(0)
dbo	StaticData	35	ISelect	bit	1	1	0	0	0	(0)
dbo	StaticData	36	ESelect	bit	1	1	0	0	0	(0)
dbo	StaticData	37	RecoilSelect	bit	1	1	0	0	0	(0)
dbo	StaticData	38	Ptp90PredTLC	float	8	53	0	0	0	(0)
dbo	StaticData	39	Ptp80PredTLC	float	8	53	0	0	0	(0)
dbo	StaticData	40	Ptp70PredTLC	float	8	53	0	0	0	(0)
dbo	StaticData	41	Ptp60PredTLC	float	8	53	0	0	0	(0)
dbo	StaticData	42	Ptp50PredTLC	float	8	53	0	0	0	(0)
dbo	StaticData	43	Ptp40PredTLC	float	8	53	0	0	0	(0)
dbo	StaticData	44	Ptp30PredTLC	float	8	53	0	0	0	(0)
dbo	StaticData	45	Ptp20PredTLC	float	8	53	0	0	0	(0)
dbo	StaticData	46	ICSt	float	8	53	0	0	0	(0)
dbo	SVCData	1	SVCDataID	int	4	10	0	0	1	NULL
dbo	SVCData	2	PatVisitID	int	4	10	0	0	0	(0)
dbo	SVCData	3	EffortTypeID	tinyint	1	3	0	0	0	(0)
dbo	SVCData	4	EffortTime	datetime	8	23	3	0	0	NULL
dbo	SVCData	5	EffortCDUs	float	8	53	0	0	0	(0)
dbo	SVCData	6	EffortArtificial	bit	1	1	0	0	0	(0)
dbo	SVCData	7	EffortManual	bit	1	1	0	0	0	(0)
dbo	SVCData	8	EffortSelected	bit	1	1	0	0	0	(0)
dbo	SVCData	9	VCSVC	float	8	53	0	0	0	(0)
dbo	SVCData	10	ICSVC	float	8	53	0	0	0	(0)
dbo	SVCData	11	ERVSVC	float	8	53	0	0	0	(0)
dbo	SVCData	12	AutoICSVC	float	8	53	0	0	0	(0)
dbo	SVCData	13	SVCSourceData	varbinary	-1	0	0	1	0	NULL
dbo	SVCData	14	SVCSourceTestType	tinyint	1	3	0	0	0	(0)
dbo	SVCData	15	PFProtocolStageIndex	tinyint	1	3	0	0	0	(0)
dbo	SVCData	16	EffortRpLp	bit	1	1	0	0	0	(0)
dbo	TestType	1	TestTypeID	int	4	10	0	0	0	(0)
dbo	TestType	2	TestTypeDesc	nvarchar	100	0	0	0	0	NULL
dbo	Workstation	1	WorkstationName	nvarchar	100	0	0	0	0	NULL
dbo	Workstation	2	LastReport	int	4	10	0	0	0	(0)
dbo	Workstation	3	WorkstationUserName	nvarchar	40	0	0	1	0	NULL
dbo	Workstation	4	WorkStationActive	bit	1	1	0	0	0	(0)
dbo	Workstation	5	ProgramRun	nvarchar	60	0	0	1	0	NULL
dbo	Workstation	6	WorkstationExternalResistance	float	8	53	0	0	0	(0)
dbo	Workstation	7	WorkstationExternalDeadSpace	float	8	53	0	0	0	(0)
dbo	Workstation	8	HardwareID	tinyint	1	3	0	0	0	(0)
dbo	Workstation	9	WorkstationBikeID	int	4	10	0	1	0	NULL
dbo	Workstation	10	WorkstationTreadmillID	int	4	10	0	1	0	NULL
dbo	Workstation	11	WorkstationHRMonitorID	int	4	10	0	1	0	NULL
dbo	Workstation	12	WorkstationPulseOximeterID	int	4	10	0	1	0	NULL
dbo	Workstation	13	WorkstationBPCuffID	int	4	10	0	1	0	NULL
dbo	Workstation	16	WorkstationECGID	int	4	10	0	1	0	NULL
dbo	Workstation	17	SiteGUID	uniqueidentifier	16	0	0	0	0	NULL
dbo	Workstation	18	WorkstationGUID	uniqueidentifier	16	0	0	0	0	NULL
dbo	Workstation	19	ComPort	tinyint	1	3	0	0	0	(1)
dbo	Workstation	20	AutoLogoutTime	smallint	2	5	0	0	0	(180)
dbo	Workstation	21	WeathermanType	tinyint	1	3	0	0	0	(0)
dbo	Workstation	22	ComPortWeatherman	tinyint	1	3	0	0	0	(1)
dbo	Workstation	23	ComPortBike	tinyint	1	3	0	0	0	(1)
dbo	Workstation	24	ComPortTreadmill	tinyint	1	3	0	0	0	(1)
dbo	Workstation	25	ComPortHRMonitor	tinyint	1	3	0	0	0	(1)
dbo	Workstation	26	ComPortPulseOximeter	tinyint	1	3	0	0	0	(1)
dbo	Workstation	27	ComPortBPCuff	tinyint	1	3	0	0	0	(1)
dbo	Workstation	28	ComPortECG	tinyint	1	3	0	0	0	(1)
dbo	Workstation	35	SyringeDeadSpace	float	8	53	0	0	0	(100)
dbo	Workstation	40	N2WashCorrFactorHuman	float	8	53	0	0	0	(0)
dbo	Workstation	41	N2WashCorrFactorSyringe	float	8	53	0	0	0	(0)
dbo	Workstation	42	GXDryCartridge	bit	1	1	0	0	0	(0)
dbo	Workstation	43	BikeMinWatts	float	8	53	0	0	0	(0)
dbo	Workstation	44	BikeMaxWatts	float	8	53	0	0	0	(0)
dbo	Workstation	45	BikeWattsPerVolt	float	8	53	0	0	0	(0)
dbo	Workstation	46	TMillMinSpeed	float	8	53	0	0	0	(0)
dbo	Workstation	47	TMillMaxSpeed	float	8	53	0	0	0	(0)
dbo	Workstation	48	TMillMinGrade	float	8	53	0	0	0	(0)
dbo	Workstation	49	TMillMaxGrade	float	8	53	0	0	0	(0)
dbo	Workstation	50	WorkstationCoreBodyTemperatureID	int	4	10	0	1	0	NULL
dbo	Workstation	51	WorkstationBodySweatID	int	4	10	0	1	0	NULL
dbo	Workstation	52	WorkstationTranscutaneousCO2ID	int	4	10	0	1	0	NULL
dbo	Workstation	53	ComIOPortHRMonitor	tinyint	1	3	0	0	0	((1))
dbo	Workstation	54	ComIOPortPulseOximeter	tinyint	1	3	0	0	0	((2))
dbo	Workstation	55	ComIOPortBikeWatts	tinyint	1	3	0	0	0	((3))
dbo	Workstation	56	ComIOPortBikeRPM	tinyint	1	3	0	0	0	((4))
dbo	Workstation	57	ComIOPortTMillSpeed	tinyint	1	3	0	0	0	((3))
dbo	Workstation	58	ComIOPortTMillGrade	tinyint	1	3	0	0	0	((4))
dbo	Workstation	59	ComIOPortCoreBodyTemperature	tinyint	1	3	0	0	0	((5))
dbo	Workstation	60	ComIOPortBodySweat	tinyint	1	3	0	0	0	((6))
dbo	Workstation	61	ComIOPortTranscutaneousCO2	tinyint	1	3	0	0	0	((7))
dbo	Workstation	62	WorkstationDistalDeadSpace	float	8	53	0	0	0	((0))
